<?xml version="1.0" encoding="UTF-8" standalone="no"?>
<!DOCTYPE properties SYSTEM "http://java.sun.com/dtd/properties.dtd">
<properties>
<comment>NWTiS dkermek - Thu Mar 24 15:34:11 CET 2016</comment>
<entry key="port">8000</entry>
<entry key="evidDatoteka">DZ_1_evidencija.bin</entry>
<entry key="intervalSerijalizacije">60</entry>
<entry key="adminKorIme">admin</entry>
<entry key="adminKorLozinka">123456</entry>
<entry key="brojDretvi">5</entry>
<entry key="brojX">5</entry>
<entry key="brojY">5</entry>
<entry key="brojIgraca">3</entry>
<entry key="brojBrodova">4</entry>
</properties>
