<?xml version="1.0" encoding="UTF-8" standalone="no"?>
<!DOCTYPE properties SYSTEM "http://java.sun.com/dtd/properties.dtd">
<properties>
<comment>NWTIS konfiguracija</comment>
<entry key="server.database">jdbc:derby://localhost:1527/</entry>
<entry key="admin.username">nwtis_g0</entry>
<entry key="admin.password">g0_nwtis</entry>
<entry key="admin.database">nwtis_g0</entry>
<entry key="user.username">nwtis_g0</entry>
<entry key="user.password">g0_nwtis</entry>
<entry key="user.database">nwtis_g0</entry>
<entry key="driver.database.odbc">sun.jdbc.odbc.JdbcOdbcDriver</entry>
<entry key="driver.database.mysql">com.mysql.jdbc.Driver</entry>
<entry key="driver.database.derby">org.apache.derby.jdbc.ClientDriver</entry>
<entry key="driver.database.postgresql">org.postgresql.Driver</entry>
<entry key="adresaServera">nwtis.nastava.foi.hr</entry>
<entry key="korisnickoIme">servis@nwtis.nastava.foi.hr</entry>
<entry key="korisnickaLozinka">123456</entry>
<entry key="intervalDretve">30</entry>
<entry key="nazivIspravnogDirektorija">Ispravne_poruke</entry>
<entry key="nazivNeispravnogDirektorija">Neispravne_poruke</entry>
<entry key="nazivOstalogDirektorija">Ostale_poruke</entry>
<entry key="dirZaSpremanjeStranica">podaci</entry>
<entry key="naslovPoruke">NWTiS poruka</entry>
<entry key="naslovPorukeStatistike">Statistika poruka</entry>
<entry key="adresaPorukeStatistike">admin@nwtis.nastava.foi.hr</entry>
<entry key="mailPosluzitelj">nwtis.nastava.foi.hr</entry>
<entry key="webSerijalizacija">webSerijalizacija.bin</entry>
</properties>
