<?xml version="1.0" encoding="UTF-8" standalone="no"?>
<!DOCTYPE properties SYSTEM "http://java.sun.com/dtd/properties.dtd">
<properties>
<comment>NWTIS konfiguracija</comment>
<entry key="server.database">jdbc:derby://localhost:1527/</entry>
<entry key="admin.username">nwtis_g1</entry>
<entry key="admin.password">g1_nwtis</entry>
<entry key="admin.database">nwtis_g1</entry>
<entry key="user.username">nwtis_g1</entry>
<entry key="user.password">g1_nwtis</entry>
<entry key="user.database">nwtis_g1</entry>
<entry key="driver.database.odbc">sun.jdbc.odbc.JdbcOdbcDriver</entry>
<entry key="driver.database.mysql">com.mysql.jdbc.Driver</entry>
<entry key="driver.database.derby">org.apache.derby.jdbc.ClientDriver</entry>
<entry key="driver.database.postgresql">org.postgresql.Driver</entry>
<entry key="APPID">251fce21bdb88341273354e83b1f0b87</entry>
<entry key="intervalDretve">60</entry>
</properties>
